step,mode,loss,angle_error(rad),distance(m),x(m),y(m),the(rad),direction
1,training,0.07285234332084656,0.033743441104888916,0.0,9.754568161453227e-05,0.0002924100947344061,0.0017478004860421877
