step,mode,loss,angle_error(rad),distance(m),x(m),y(m),the(rad),direction
1,training,0.0884762555360794,0.12072977423667908,0.0,0.00010586084322424319,0.00031670940495783596,0.001898698347099536
